Unixtime,Baseline,CO2,A0,Fig1AkaCOZIR,FIG2,E2V_O3,E2V_NO2,E2V_1,E2V_2_CO_,E2V_3_VOC_,E2V_4,Temp,Rh,BMPtemp,MBPPressure,lat,latNs,lon,lonEw,b1,b2,x___,x____1,x____2,x____3,x____4,b8,onboard1,x____5,x____6,onboard4,statAux1,statSig1,statAux2,statSig2,statAux3,statSig3,statAux4,statSig4,file_data,predicted_NO2,predicted_CO,predicted_NO,predicted_CO2,predicted_COZIR,predicted_VOC,Date
735972.589212963,14.2222222222222,217.444444444444,1023,193.555555555556,158.888888888889,0,0,0,0,255,0,34.6888888888889,16.7444444444444,37.7444444444444,99300.6666666667,-999,-999,-999,-999,-999,-999,-999,-999,-999,-999,-999,-999,-999,-999,-999,-999,NaN,97314.2388888889,NaN,8506.94222222222,NaN,45597.22,NaN,156.251111111111,0.00925181636593483,195.673051272638,2.51725922231419,188.371237805886,16.9841269841269,-0.929075333837253,0.056630291005291,2015-01-08 14:08:28
735972.58994213,14.3333333333333,216.777777777778,1023,195.111111111111,158.666666666667,0,0,0,0,254.555555555556,0.111111111111111,34.6888888888889,16.5222222222222,37.8,99298.7777777778,-999,-999,-999,-999,-999,-999,-999,-999,-999,-999,-999,-999,-999,-999,-999,-999,NaN,96838.5433333333,NaN,7911.45666666667,NaN,44857.6355555556,NaN,154.514444444444,0.0091292054639629,206.150926945668,1.63256815775386,172.963228546627,12.5396825396823,23.7622826908544,0.0632440476190477,2015-01-08 14:09:31
735972.590630787,13.875,212.75,1023,190.25,159,0,0,0,0,253.875,0.125,34.65,16.4125,37.775,99301.25,-999,-999,-999,-999,-999,-999,-999,-999,-999,-999,-999,-999,-999,-999,-999,-999,NaN,95343.75125,NaN,7517.575,NaN,44101.55875,NaN,156.25125,0.009048803223941,239.075862701909,1.04739260186816,157.211628430886,-14.3121693121695,-53.3982111363062,0.0359623015873017,2015-01-08 14:10:30
735972.591319445,14.6666666666667,213.333333333333,1023,191.555555555556,159,0,0,0,0,253.888888888889,0,34.6666666666667,16.2555555555556,37.7666666666667,99298.6666666667,-999,-999,-999,-999,-999,-999,-999,-999,-999,-999,-999,-999,-999,-999,-999,-999,NaN,95055.5588888889,NaN,7586.80333333333,NaN,43623.2611111111,NaN,166.67,0.00897080166923593,245.42371206559,1.15024259939206,147.247094287368,-10.4232804232805,-32.675107079869,0.0830853174603175,2015-01-08 14:11:30
735972.592016782,13.75,210.625,1023,188.875,159,0,0,0,0,253.875,0,34.65,16.125,37.8,99299.75,-999,-999,-999,-999,-999,-999,-999,-999,-999,-999,-999,-999,-999,-999,-999,-999,NaN,93203.12625,NaN,7345.70125,NaN,42921.8725,NaN,171.87875,0.00889042839906375,286.226193098385,0.792046070892081,132.634831555886,-28.4788359788361,-75.223607961703,0.0285218253968255,2015-01-08 14:12:30
735972.592708333,13.8888888888889,211.555555555556,1023,192.777777777778,159,0,0,0,0,253.111111111111,0,34.6555555555556,16.7888888888889,37.8,99299.2222222222,-999,-999,-999,-999,-999,-999,-999,-999,-999,-999,-999,-999,-999,-999,-999,-999,NaN,88578.1288888889,NaN,6656.24777777778,NaN,42017.3588888889,NaN,170.143333333333,0.00925936375438633,388.098381669114,-0.232249683412217,113.790797991071,-22.2751322751325,-13.2747543461828,0.0367890211640213,2015-01-08 14:13:30
735972.593396991,61.75,222.5,1023,195.75,158.875,0,0,0,0,294.75,0,34.65,18.25,37.7375,99292.875,-999,-999,-999,-999,-999,-999,-999,-999,-999,-999,-999,-999,-999,-999,-999,-999,NaN,69875,NaN,24914.06125,NaN,60955.07875,NaN,167.9725,0.0100627319337532,800.061573054332,26.892714619399,508.326628430886,50.6878306878305,33.9033761652811,2.88566468253968,2015-01-08 14:14:29
735972.594085648,296.555555555556,308.666666666667,1023,251.111111111111,159,0,0,0,0,508.222222222222,0,34.6777777777778,19.3777777777778,37.6666666666667,99291,-999,-999,-999,-999,-999,-999,-999,-999,-999,-999,-999,-999,-999,-999,-999,-999,NaN,1173.61,NaN,132406.248888889,NaN,99458.3366666667,NaN,166.67,0.0107012556157981,2313.30804882526,186.589918064487,1310.47783502811,625.132275132275,912.651171579743,16.8621858465608,2015-01-08 14:15:29
735972.594775752,315.5,426.625,1023,331.625,159,0,0,0,0,510.875,0,34.675,21.2125,37.55,99290.75,-999,-999,-999,-999,-999,-999,-999,-999,-999,-999,-999,-999,-999,-999,-999,-999,NaN,-117281.25,NaN,183841.79375,NaN,145078.1225,NaN,169.92625,0.0117126932294979,4922.44593428781,263.005821884293,2260.89003988922,1411.52116402116,2190.64940791131,17.9898313492063,2015-01-08 14:16:28
735972.595474537,238.222222222222,578.777777777778,1023,437.777777777778,159,0,0,0,0,457.333333333333,0,34.6777777777778,22.8333333333333,37.3222222222222,99291.2222222222,-999,-999,-999,-999,-999,-999,-999,-999,-999,-999,-999,-999,-999,-999,-999,-999,NaN,-134755.205555556,NaN,145559.027777778,NaN,184494.787777778,NaN,173.614444444444,0.0126095361654542,5307.3348231767,206.13051959307,3082.07056650959,2425.87301587302,3875.61413454271,13.3899636243386,2015-01-08 14:17:29
735972.596163194,204.875,653.25,1023,488.875,159,0,0,0,0,436.375,0,34.625,22.6125,37.2875,99291,-999,-999,-999,-999,-999,-999,-999,-999,-999,-999,-999,-999,-999,-999,-999,-999,NaN,-170751.95125,NaN,159517.57625,NaN,160783.2,NaN,166.01875,0.0124510827701002,6100.21468428781,226.868223459096,2588.07915447255,2922.3544973545,4686.68115394306,11.4050099206349,2015-01-08 14:18:28
735972.596851852,162.444444444444,710.777777777778,1023,536.444444444444,159,0,0,0,0,416.222222222222,0,34.6,23.7333333333333,37.2,99292.6666666667,-999,-999,-999,-999,-999,-999,-999,-999,-999,-999,-999,-999,-999,-999,-999,-999,NaN,-155300.345555556,NaN,127626.735555556,NaN,164654.511111111,NaN,171.878888888889,0.0130498999637604,5759.87094652472,179.489170280602,2668.73146928737,3305.87301587302,5441.75170068027,8.87938161375661,2015-01-08 14:19:28
735972.597541956,190.25,691.75,1023,535.875,159,0,0,0,0,440.625,0,34.6,23.275,37.2375,99299.375,-999,-999,-999,-999,-999,-999,-999,-999,-999,-999,-999,-999,-999,-999,-999,-999,NaN,-157886.71625,NaN,158466.79625,NaN,121712.89375,NaN,169.92625,0.0127970183528405,5816.83946402349,225.307118125565,1774.11444093089,3179.02116402116,5432.7128999748,10.5344742063492,2015-01-08 14:20:27
735972.598240741,137.222222222222,659.222222222222,1023,530.333333333333,159,0,0,0,0,370.555555555556,0,34.6,22.9888888888889,37.2,99291.6666666667,-999,-999,-999,-999,-999,-999,-999,-999,-999,-999,-999,-999,-999,-999,-999,-999,NaN,-141600.693333333,NaN,114697.917777778,NaN,197685.763333333,NaN,170.143333333333,0.0126406905213536,5458.11649229075,160.281299566328,3356.88255725033,2962.16931216931,5344.74993701184,7.37805886243386,2015-01-08 14:21:28
735972.598969907,88.1111111111111,785.111111111111,1023,608.111111111111,158.888888888889,0,0,0,0,330.666666666667,0,34.5777777777778,26.6444444444444,37.2,99290.5555555556,-999,-999,-999,-999,-999,-999,-999,-999,-999,-999,-999,-999,-999,-999,-999,-999,NaN,-99440.9755555556,NaN,68824.6522222222,NaN,282364.582222222,NaN,175.351111111111,0.014632833298063,4529.48834740578,92.1290702459362,5121.02461743552,3801.42857142857,6579.31783824641,4.45477843915344,2015-01-08 14:22:31
735972.599658565,91.625,934.875,1023,681,159,0,0,0,0,348.75,0,34.5875,39.25,37.2875,99294.25,-999,-999,-999,-999,-999,-999,-999,-999,-999,-999,-999,-999,-999,-999,-999,-999,NaN,-99314.455,NaN,78701.175,NaN,245537.10625,NaN,187.5,0.0215665032050633,4526.7015510279,106.802258149335,4353.78553468089,4799.8544973545,7736.28432854623,4.66393849206349,2015-01-08 14:23:30
735972.600347222,96.8888888888889,874.222222222222,1023,650.444444444444,159,0,0,0,0,424.444444444444,0,34.5777777777778,33.6111111111111,37.3,99296.2222222222,-999,-999,-999,-999,-999,-999,-999,-999,-999,-999,-999,-999,-999,-999,-999,-999,NaN,-38569.4444444444,NaN,92687.5,NaN,152190.968888889,NaN,170.143333333333,0.0184577959287222,3188.70572381302,127.581228584634,2409.07433965774,4395.50264550265,7251.27551020408,4.97726521164021,2015-01-08 14:24:30
735972.601047454,50.5,648.875,1023,543.25,159,0,0,0,0,398.625,0,34.525,27.6375,37.3,99297.125,-999,-999,-999,-999,-999,-999,-999,-999,-999,-999,-999,-999,-999,-999,-999,-999,NaN,-8880.8575,NaN,73996.09625,NaN,128550.7825,NaN,169.92625,0.0151327762439128,2534.77209067548,99.8120950977826,1916.57045655589,2893.18783068783,5549.7763920383,2.21602182539683,2015-01-08 14:25:30
735972.601736111,37.5555555555556,542.444444444444,1023,458.666666666667,158.888888888889,0,0,0,0,318.222222222222,0,34.5111111111111,25.1111111111111,37.3,99293.3333333333,-999,-999,-999,-999,-999,-999,-999,-999,-999,-999,-999,-999,-999,-999,-999,-999,NaN,532.987777777778,NaN,48050.3455555556,NaN,128576.387777778,NaN,170.143333333333,0.0137393833768454,2327.41867046011,61.2654442369232,1917.10389984292,2183.65079365079,4207.1837994457,1.44551917989418,2015-01-08 14:26:30
735972.602424768,30.125,507.5,1023,417.875,159,0,0,0,0,293.5,0,34.4875,23.125,37.3,99290.25,-999,-999,-999,-999,-999,-999,-999,-999,-999,-999,-999,-999,-999,-999,-999,-999,NaN,22824.22125,NaN,33410.15625,NaN,104849.61125,NaN,171.88,0.0126364983773092,1836.42233847283,39.5150515678465,1422.79605551422,1950.68783068783,3559.69702695893,1.00322420634921,2015-01-08 14:27:29
735972.603113426,54.6666666666667,462.222222222222,1023,387,158.888888888889,0,0,0,0,400.777777777778,0,34.4666666666667,23.2222222222222,37.3,99285.1111111111,-999,-999,-999,-999,-999,-999,-999,-999,-999,-999,-999,-999,-999,-999,-999,-999,NaN,-41690.9733333333,NaN,73684.0288888889,NaN,94390.6266666667,NaN,173.615555555556,0.0126755968277161,3257.46186674009,99.3484680570589,1204.90054336144,1648.83597883598,3069.61766187957,2.4640376984127,2015-01-08 14:28:29
735972.603806423,77.75,525,1023,427.875,159,0,0,0,0,332.875,0.125,34.4125,25.5125,37.325,99283,-999,-999,-999,-999,-999,-999,-999,-999,-999,-999,-999,-999,-999,-999,-999,-999,NaN,-88779.2975,NaN,69359.37875,NaN,199607.4175,NaN,179.69,0.0138841450067518,4294.64962371512,92.9234938498254,3396.91701905589,2067.3544973545,3718.42718568909,3.83804563492063,2015-01-08 14:29:28
735972.604502315,79,712.777777777778,1023,544.444444444444,159,0,0,0,0,332.222222222222,0,34.4,27.4666666666667,37.3888888888889,99287.2222222222,-999,-999,-999,-999,-999,-999,-999,-999,-999,-999,-999,-999,-999,-999,-999,-999,NaN,-73255.2088888889,NaN,68750,NaN,201578.12,NaN,177.086666666667,0.0149365998986501,3952.70934593735,92.0181621754828,3437.97332113922,3319.20634920635,5568.7358276644,3.9124503968254,2015-01-08 14:30:29
735972.605190972,53.875,819.125,1023,611,158.875,0,0,0,0.125,318.625,0,34.4,28.975,37.3125,99286.75,-999,-999,-999,-999,-999,-999,-999,-999,-999,-999,-999,-999,-999,-999,-999,-999,NaN,-35500,NaN,60128.905,NaN,180439.45,NaN,183.595,0.0157569189490037,3121.09681534508,79.2101173084497,2997.58436280589,4028.18783068783,6625.17321743512,2.41691468253968,2015-01-08 14:31:28
735972.60587963,34,730.888888888889,1023,573.555555555556,158.555555555556,0,0,0,0,323.333333333333,0,34.4,28.1333333333333,37.3,99284.7777777778,-999,-999,-999,-999,-999,-999,-999,-999,-999,-999,-999,-999,-999,-999,-999,-999,NaN,4052.08,NaN,42713.5422222222,NaN,124559.026666667,NaN,180.557777777778,0.0152995154041373,2249.90562591777,53.3367511254489,1833.40887669478,3439.94708994709,6030.81695641219,1.23387896825397,2015-01-08 14:32:28
735972.606608796,29,569.111111111111,1023,471.666666666667,159,0,0,0,0,419.333333333333,0,34.3444444444444,25.9555555555556,37.3,99286.4444444444,-999,-999,-999,-999,-999,-999,-999,-999,-999,-999,-999,-999,-999,-999,-999,-999,NaN,-46968.7488888889,NaN,104972.225555556,NaN,85684.03,NaN,178.822222222222,0.0140714084562144,3373.71242963779,145.83219509118,1023.51311280589,2361.42857142857,4413.53300579491,0.936259920634921,2015-01-08 14:33:31
735972.607307581,32.5,515,1023,429.5,159,0,0,0,0,303.625,0.125,34.35,23.8625,37.2875,99285.125,-999,-999,-999,-999,-999,-999,-999,-999,-999,-999,-999,-999,-999,-999,-999,-999,NaN,-16044.92125,NaN,43140.62375,NaN,127050.78125,NaN,175.785,0.0129408610357337,2692.57085168869,53.9712504981689,1885.32043051422,2000.68783068783,3744.22083648274,1.14459325396825,2015-01-08 14:34:31
735972.607997685,31.2222222222222,557.333333333333,1023,452.555555555556,158.777777777778,0,0,0,0,279.111111111111,0,34.3111111111111,24.8666666666667,37.3,99287.8888888889,-999,-999,-999,-999,-999,-999,-999,-999,-999,-999,-999,-999,-999,-999,-999,-999,NaN,7022.56666666667,NaN,26001.7388888889,NaN,126861.113333333,NaN,180.557777777778,0.0134559095485107,2184.47640418502,28.5086374226807,1881.36901558366,2282.91005291005,4110.18203577727,1.06853505291005,2015-01-08 14:35:31
735972.608686342,31.625,575.125,1023,459.625,158.875,0,0,0,0,289,0,34.325,25.2625,37.3,99282.25,-999,-999,-999,-999,-999,-999,-999,-999,-999,-999,-999,-999,-999,-999,-999,-999,NaN,-1853.51625,NaN,38876.9525,NaN,116255.86,NaN,187.5,0.0136814491652334,2379.98483847283,47.6368703912011,1660.42623780589,2401.52116402116,4222.39543965734,1.09250992063492,2015-01-08 14:36:30
735972.609375,31.2222222222222,562,1023,455.666666666667,158.777777777778,0,0,0,0,325.444444444444,0,34.3222222222222,25.7555555555556,37.3,99286.5555555556,-999,-999,-999,-999,-999,-999,-999,-999,-999,-999,-999,-999,-999,-999,-999,-999,NaN,-7307.28777777778,NaN,68980.9033333333,NaN,99626.7388888889,NaN,185.764444444444,0.0139457135848157,2500.11196463534,92.3612067949054,1313.98621465774,2314.02116402116,4159.56475182666,1.06853505291005,2015-01-08 14:37:30
735972.610065104,36.75,534.375,1023,433.375,159,0,0,0,0,302.25,0,34.3,27.2,37.3875,99282.375,-999,-999,-999,-999,-999,-999,-999,-999,-999,-999,-999,-999,-999,-999,-999,-999,NaN,-39083.98375,NaN,43716.7975,NaN,141431.63875,NaN,187.5,0.0147102477264498,3200.0391886931,54.8272507210184,2184.92162843089,2129.8544973545,3805.72877299068,1.39756944444444,2015-01-08 14:38:29
735972.610763889,35.7777777777778,599.777777777778,1023,471,159,0,0,0,0,278.888888888889,0,34.3,28.6,37.5111111111111,99282.5555555556,-999,-999,-999,-999,-999,-999,-999,-999,-999,-999,-999,-999,-999,-999,-999,-999,NaN,-9909.72555555556,NaN,24227.4322222222,NaN,146243.053333333,NaN,189.236666666667,0.0154673647009698,2557.43438264807,25.8726150386862,2285.15943225033,2565.87301587302,4402.9509952129,1.33969907407407,2015-01-08 14:39:30
735972.611452546,30.625,634.25,1023,496.5,159,0,0,0,0,274.625,0,34.3,24.8125,37.6,99277.375,-999,-999,-999,-999,-999,-999,-999,-999,-999,-999,-999,-999,-999,-999,-999,-999,NaN,23964.8475,NaN,23115.2375,NaN,123357.4225,NaN,183.595,0.0134197207519078,1811.29841226138,24.2202681032795,1808.37545655589,2795.68783068783,4807.7128999748,1.03298611111111,2015-01-08 14:40:29
735972.612141204,24.4444444444444,588.444444444444,1023,470.222222222222,158.777777777778,0,0,0,0,286.444444444444,0,34.2888888888889,23.2222222222222,37.6,99275.8888888889,-999,-999,-999,-999,-999,-999,-999,-999,-999,-999,-999,-999,-999,-999,-999,-999,NaN,28907.9855555556,NaN,29065.9733333333,NaN,96446.1822222222,NaN,185.764444444444,0.0125520507805428,1702.41871940773,33.0610582285705,1247.72461743552,2490.31746031746,4390.60531620055,0.665095899470899,2015-01-08 14:41:29
735972.612829861,33.625,511.5,1023,419.25,158.75,0,0,0,0,295.25,0.125,34.3,24.6125,37.6,99279.125,-999,-999,-999,-999,-999,-999,-999,-999,-999,-999,-999,-999,-999,-999,-999,-999,NaN,-16576.17375,NaN,34859.37375,NaN,87009.7675,NaN,187.5,0.0133113170744969,2704.27244860499,41.6681008918696,1051.13264405589,1977.3544973545,3581.52242378433,1.21155753968254,2015-01-08 14:42:28
735972.613523663,24,507.333333333333,1023,409.555555555556,159,0,0,0,0,282.444444444444,0,34.3,25.7555555555556,37.5777777777778,99275.6666666667,-999,-999,-999,-999,-999,-999,-999,-999,-999,-999,-999,-999,-999,-999,-999,-999,NaN,18453.1255555556,NaN,24506.9466666667,NaN,85907.9877777778,NaN,189.236666666667,0.0139300074961963,1932.70197931963,26.2878794042254,1028.17889984292,1949.57671957672,3427.64235323759,0.638640873015873,2015-01-08 14:43:28
735972.61421875,19,482.5,1023,390.25,159,0,0,0,0,344.875,0,34.3,23.925,37.5875,99279.125,-999,-999,-999,-999,-999,-999,-999,-999,-999,-999,-999,-999,-999,-999,-999,-999,NaN,23914.06125,NaN,58132.8125,NaN,65279.29625,NaN,185.5475,0.0129394925752092,1812.41705212922,76.2445958406143,598.41449301422,1784.02116402116,3121.20496346687,0.341021825396825,2015-01-08 14:44:28
735972.614907407,17.1111111111111,407.333333333333,1023,344.111111111111,159,0,0,0,0,465.111111111111,0,34.2666666666667,22.3888888888889,37.6,99268,-999,-999,-999,-999,-999,-999,-999,-999,-999,-999,-999,-999,-999,-999,-999,-999,NaN,-20001.7333333333,NaN,133828.124444444,NaN,56756.9411111111,NaN,185.764444444444,0.0120876202665645,2779.72530286344,188.702346463767,420.865427620701,1282.91005291005,2388.84164777022,0.228587962962963,2015-01-08 14:45:28
735972.615636574,16.6666666666667,364,1023,317.888888888889,159,0,0,0,0,496.333333333333,0,34.2555555555556,22.1777777777778,37.6555555555556,99266,-999,-999,-999,-999,-999,-999,-999,-999,-999,-999,-999,-999,-999,-999,-999,-999,NaN,-45098.9555555556,NaN,170133.677777778,NaN,54553.8166666667,NaN,187.501111111111,0.0119664803916677,3332.52755445423,242.640176404836,374.967001694775,994.021164021164,1972.61589821114,0.202132936507937,2015-01-08 14:46:31
735972.616325232,16.75,350.125,1023,300.625,159,0,0,0,0,466.25,0,34.2625,22.05,37.7,99264.5,-999,-999,-999,-999,-999,-999,-999,-999,-999,-999,-999,-999,-999,-999,-999,-999,NaN,-44498.04375,NaN,163166.01375,NaN,55605.46625,NaN,189.45375,0.011902315195031,3319.29161160059,232.288573332815,396.87636801422,901.521164021164,1698.58591584782,0.207093253968254,2015-01-08 14:47:30
735972.617025463,19.6666666666667,377.333333333333,1023,319.888888888889,159,0,0,0,0,319.555555555556,0.111111111111111,34.2333333333333,21.7777777777778,37.7,99265,-999,-999,-999,-999,-999,-999,-999,-999,-999,-999,-999,-999,-999,-999,-999,-999,NaN,11039.9311111111,NaN,56921.8733333333,NaN,72282.9877777778,NaN,194.446666666667,0.0117362419574194,2095.9882005629,74.4455479032102,744.324733176256,1082.91005291005,2004.36192995717,0.380704365079365,2015-01-08 14:48:31
735972.61771412,18.625,406.125,1023,327.625,159,0,0,0,0.125,457.875,0,34.2375,23.3625,37.7,99265.625,-999,-999,-999,-999,-999,-999,-999,-999,-999,-999,-999,-999,-999,-999,-999,-999,NaN,-6476.5625,NaN,115595.70375,NaN,53031.25,NaN,191.4075,0.0125931048941211,2481.8140510279,161.615107280222,343.246862805886,1274.8544973545,2127.15734441925,0.318700396825397,2015-01-08 14:49:30
735972.618402778,53.7777777777778,372.666666666667,1023,314.444444444444,159,0,0,0,0,427.555555555556,0,34.2,20.7111111111111,37.7,99261,-999,-999,-999,-999,-999,-999,-999,-999,-999,-999,-999,-999,-999,-999,-999,-999,NaN,-41326.3877777778,NaN,104279.515555556,NaN,64005.2077777778,NaN,189.236666666667,0.011141156976874,3249.43134789525,144.803061232912,571.870983176257,1051.79894179894,1917.94217687075,2.41112764550265,2015-01-08 14:50:30
735972.619091435,39.625,459.625,1023,366.125,159,0,0,0,0,291.375,0,34.2,22.3375,37.6875,99255.125,-999,-999,-999,-999,-999,-999,-999,-999,-999,-999,-999,-999,-999,-999,-999,-999,NaN,-24654.295,NaN,43175.78,NaN,131406.24875,NaN,193.36125,0.0120167538677074,2882.20463472834,54.0234808502711,1976.05933676422,1631.52116402116,2738.26845553036,1.5687003968254,2015-01-08 14:51:29
735972.619783951,32.1111111111111,587,1023,446.888888888889,159,0,0,0,0,269.444444444444,0,34.2,21.6555555555556,37.7,99257.3333333333,-999,-999,-999,-999,-999,-999,-999,-999,-999,-999,-999,-999,-999,-999,-999,-999,NaN,20331.5977777778,NaN,27401.0444444444,NaN,118373.266666667,NaN,187.5,0.0116496336316413,1891.32593918257,30.5875344001811,1704.53887669478,2480.68783068783,4020.23494583018,1.12144510582011,2015-01-08 14:52:29
735972.620480324,27.125,606.375,1023,467.5,159,0,0,0,0,267.125,0,34.2,21.0625,37.7,99251.375,-999,-999,-999,-999,-999,-999,-999,-999,-999,-999,-999,-999,-999,-999,-999,-999,NaN,45560.54375,NaN,24376.955,NaN,98457.035,NaN,193.36125,0.011331278848893,1335.62228340675,26.0947555494242,1289.61738363922,2609.8544973545,4347.39543965734,0.824652777777778,2015-01-08 14:53:29
735972.621168981,23.1111111111111,555,1023,440.888888888889,159,0,0,0,0,276.666666666667,0.111111111111111,34.2,20.1111111111111,37.7,99255.3333333333,-999,-999,-999,-999,-999,-999,-999,-999,-999,-999,-999,-999,-999,-999,-999,-999,NaN,63317.7077777778,NaN,28793.4066666667,NaN,78899.3077777778,NaN,194.446666666667,0.0108190157793499,944.495322442487,32.6561159218305,882.164733176257,2267.3544973545,3924.99685059209,0.58573082010582,2015-01-08 14:54:29
735972.621857639,18,479.375,1023,389.5,159,0,0,0,0,313.25,0,34.1625,18.725,37.7375,99255.125,-999,-999,-999,-999,-999,-999,-999,-999,-999,-999,-999,-999,-999,-999,-999,-999,NaN,58710.935,NaN,46017.57625,NaN,60861.32625,NaN,187.5,0.0100523436786881,1045.96608847283,58.2454333833271,506.373451347553,1763.18783068783,3109.30020156211,0.281498015873016,2015-01-08 14:55:28
735972.622546296,27.5555555555556,406.777777777778,1023,345,159,0,0,0,0.111111111111111,347.888888888889,0,34.1444444444445,19.3333333333333,37.7555555555556,99259.3333333333,-999,-999,-999,-999,-999,-999,-999,-999,-999,-999,-999,-999,-999,-999,-999,-999,NaN,-1913.19444444444,NaN,65156.25,NaN,75411.4566666667,NaN,189.236666666667,0.0103680476971251,2381.29933614782,86.6790595161454,809.501168361442,1279.20634920635,2402.9509952129,0.850281084656085,2015-01-08 14:56:28
735972.623242187,43.875,511.5,1023,414.125,159,0,0,0,0,292.375,0,34.1125,23.75,37.7875,99261.125,-999,-999,-999,-999,-999,-999,-999,-999,-999,-999,-999,-999,-999,-999,-999,-999,NaN,-36820.3125,NaN,37796.87375,NaN,174017.57625,NaN,203.13,0.0127137306713074,3150.17858847283,46.0322369786324,2863.79532634755,1977.3544973545,3500.17321743512,1.82167658730159,2015-01-08 14:57:28
735972.623935185,40.5555555555556,713.888888888889,1023,540,159,0,0,0,0,272.777777777778,0,34.1444444444444,24.8777777777778,37.7444444444444,99258.6666666667,-999,-999,-999,-999,-999,-999,-999,-999,-999,-999,-999,-999,-999,-999,-999,-999,NaN,-7414.93,NaN,23255.2111111111,NaN,162151.038888889,NaN,199.656666666667,0.0133415027069622,2502.4829386931,24.4282217670904,2616.57579799107,3326.61375661376,5498.189090451,1.62409060846561,2015-01-08 14:58:28
735972.624664352,38.1111111111111,787.222222222222,1023,596.111111111111,159,0,0,0,0,275.222222222222,0,34.1555555555556,24.3666666666667,37.7333333333333,99260,-999,-999,-999,-999,-999,-999,-999,-999,-999,-999,-999,-999,-999,-999,-999,-999,NaN,16991.3188888889,NaN,25932.2944444444,NaN,146406.248888889,NaN,196.183333333333,0.0130753187546148,1964.90036404797,28.4054663567997,2288.55933965774,3815.50264550265,6388.84164777022,1.47858796296296,2015-01-08 14:59:31
735972.625353009,34,755,1023,586,159,0,0,0,0,277.875,0,34.1,23.15,37.6875,99257,-999,-999,-999,-999,-999,-999,-999,-999,-999,-999,-999,-999,-999,-999,-999,-999,NaN,20923.83125,NaN,26650.3925,NaN,127724.61,NaN,197.26875,0.0123844265790312,1878.28114904552,29.4723183187007,1899.35852947255,3600.68783068783,6228.34782060973,1.23387896825397,2015-01-08 15:00:30
735972.626041667,39,682.222222222222,1023,540.222222222222,159,0,0,0,0,304,0,34.1,22.8111111111111,37.6111111111111,99257.6666666667,-999,-999,-999,-999,-999,-999,-999,-999,-999,-999,-999,-999,-999,-999,-999,-999,NaN,-6762.15111111111,NaN,45239.58,NaN,119244.791111111,NaN,201.393333333333,0.0122030511147376,2488.10454907,57.0895928692876,1722.69563595403,3115.50264550265,5501.71642731167,1.53149801587302,2015-01-08 15:01:30
735972.626740451,47.5,693.5,1023,557.625,159,0,0,0,0.125,317.75,0,34.1,23.4875,37.5,99257.375,-999,-999,-999,-999,-999,-999,-999,-999,-999,-999,-999,-999,-999,-999,-999,-999,NaN,-9521.4825,NaN,54621.09125,NaN,130074.22,NaN,201.17625,0.0125649296033168,2548.88277349486,71.0273602886903,1948.30873780589,3190.68783068783,5777.9509952129,2.0374503968254,2015-01-08 15:02:30
735972.627430556,41.4444444444444,751.333333333333,1023,586.888888888889,159,0,0,0,0,305.777777777778,0,34.1,26.4666666666667,37.3222222222222,99255.5555555556,-999,-999,-999,-999,-999,-999,-999,-999,-999,-999,-999,-999,-999,-999,-999,-999,NaN,-10784.7211111111,NaN,45586.8066666667,NaN,131373.263333333,NaN,208.336666666667,0.0141589313242188,2576.70741250612,57.6054548016404,1975.37214058366,3576.24338624339,6242.45716805241,1.67700066137566,2015-01-08 15:03:30
735972.628119213,39.875,769.5,1023,595.75,159,0,0,0,0.125,288.875,0,34.1,29.525,37.3,99253.25,-999,-999,-999,-999,-999,-999,-999,-999,-999,-999,-999,-999,-999,-999,-999,-999,NaN,-888.67125,NaN,31023.43875,NaN,142851.55875,NaN,203.13,0.0157954215892896,2358.73274596182,35.9691928544309,2214.50329509755,3697.3544973545,6383.10972537163,1.58358134920635,2015-01-08 15:04:29
735972.62880787,34.3333333333333,780.777777777778,1023,607,159,0,0,0,0,285.666666666667,0,34.1,26.0222222222222,37.3,99252.5555555556,-999,-999,-999,-999,-999,-999,-999,-999,-999,-999,-999,-999,-999,-999,-999,-999,NaN,18779.5144444444,NaN,28737.85,NaN,117171.877777778,NaN,197.92,0.013921586674835,1925.51279674498,32.5735774183887,1679.50994150959,3772.53968253968,6561.68115394306,1.25372023809524,2015-01-08 15:05:29
735972.629496528,28.875,709.125,1023,561.625,159,0,0,0,0,278.125,0,34.0875,24.45,37.3,99251.875,-999,-999,-999,-999,-999,-999,-999,-999,-999,-999,-999,-999,-999,-999,-999,-999,NaN,21376.95625,NaN,21851.56625,NaN,117177.7375,NaN,197.26875,0.0130714460154742,1868.30042217327,22.3428780423673,1679.63201905589,3294.8544973545,5841.44305870496,0.928819444444445,2015-01-08 15:06:28
735972.630196759,34.5555555555556,696.666666666667,1023,554,159,0,0,0,0,279.222222222222,0,34.1,25.6666666666667,37.3777777777778,99247.3333333333,-999,-999,-999,-999,-999,-999,-999,-999,-999,-999,-999,-999,-999,-999,-999,-999,NaN,6666.66555555556,NaN,24371.5311111111,NaN,133128.471111111,NaN,204.865555555556,0.0137320911026796,2192.31563570729,26.0866974764947,2011.93896928737,3211.79894179894,5720.41131267322,1.26694775132275,2015-01-08 15:07:29
735972.630885417,35.75,709,1023,556.375,159,0,0,0,0,356.125,0,34.1,28.7125,37.4,99244.625,-999,-999,-999,-999,-999,-999,-999,-999,-999,-999,-999,-999,-999,-999,-999,-999,NaN,-18410.15625,NaN,64113.28,NaN,97994.14125,NaN,208.9875,0.0153620815149792,2744.66853891336,85.1295572133672,1279.97376384755,3294.02116402116,5758.10972537163,1.33804563492063,2015-01-08 15:08:28
735972.631574074,26.1111111111111,635.444444444444,1023,513.111111111111,159,0,0,0,0,520.555555555556,0,34.1,30.0777777777778,37.4111111111111,99244.6666666667,-999,-999,-999,-999,-999,-999,-999,-999,-999,-999,-999,-999,-999,-999,-999,-999,NaN,-72562.5,NaN,191902.775555556,NaN,66263.8911111111,NaN,199.656666666667,0.0160925408801923,3937.45144089574,274.981727107225,618.926885954034,2803.65079365079,5071.3813303099,0.764302248677249,2015-01-08 15:09:28
735972.632303241,20.4444444444444,498.555555555556,1023,426.555555555556,159,0,0,0,0,564.444444444444,0,34.1,28.9888888888889,37.3777777777778,99240.6666666667,-999,-999,-999,-999,-999,-999,-999,-999,-999,-999,-999,-999,-999,-999,-999,-999,NaN,-145131.943333333,NaN,287390.622222222,NaN,49199.6522222222,NaN,206.601111111111,0.0155105768097301,5535.89732929516,416.844521144762,263.421909102182,1891.0582010582,3697.48362307886,0.427000661375661,2015-01-08 15:10:31
735972.632997685,31.75,471.875,1023,409.25,159,0,0,0,0,368.125,0.125,34.1,32.0625,37.3,99239,-999,-999,-999,-999,-999,-999,-999,-999,-999,-999,-999,-999,-999,-999,-999,-999,NaN,-90875,NaN,114435.54625,NaN,103783.20625,NaN,203.12875,0.0171554081597094,4340.81047173275,159.89150380377,1400.57928468089,1713.18783068783,3422.79226505417,1.0999503968254,2015-01-08 15:11:31
735972.63369213,30.7777777777778,578.111111111111,1023,455.444444444444,159,0,0,0,0,319.666666666667,0,34.0888888888889,30.5777777777778,37.3,99236.3333333333,-999,-999,-999,-999,-999,-999,-999,-999,-999,-999,-999,-999,-999,-999,-999,-999,NaN,-22138.89,NaN,63439.2355555556,NaN,92420.14,NaN,203.13,0.0163513012682399,2826.79923825257,84.1281540868712,1163.84873780589,2421.42857142857,4156.03741496599,1.04208002645503,2015-01-08 15:12:31
735972.634380787,25,585,1023,454,159,0,0,0,0.125,512.875,0,34.025,29.7875,37.3,99237.875,-999,-999,-999,-999,-999,-999,-999,-999,-999,-999,-999,-999,-999,-999,-999,-999,NaN,-74755.86125,NaN,198779.2925,NaN,63701.17,NaN,203.13,0.0158718247337906,3985.76336270191,285.197916298199,565.536862805886,2467.3544973545,4133.10972537163,0.698164682539683,2015-01-08 15:13:30
735972.635069445,23.2222222222222,505.777777777778,1023,412.111111111111,159,0,0,0,0.111111111111111,582.222222222222,0,34.0777777777778,28.7222222222222,37.3,99238,-999,-999,-999,-999,-999,-999,-999,-999,-999,-999,-999,-999,-999,-999,-999,-999,NaN,-148642.36,NaN,320583.33,NaN,57970.4833333333,NaN,204.864444444444,0.01534928604561,5613.21928230543,466.157710533825,446.147557250331,1939.20634920635,3468.2067271353,0.592344576719577,2015-01-08 15:14:30
735972.635759549,29.5,462.875,1023,391,159,0,0,0,0.125,472.875,0,34.0125,27.55,37.3875,99238.25,-999,-999,-999,-999,-999,-999,-999,-999,-999,-999,-999,-999,-999,-999,-999,-999,NaN,-104878.905,NaN,212710.935,NaN,75955.08,NaN,197.26875,0.0146693217986676,4649.26652900147,305.895646947433,820.826654472553,1653.18783068783,3133.10972537163,0.966021825396825,2015-01-08 15:15:29
735972.636458333,32.5555555555556,506.222222222222,1023,408.888888888889,159,0,0,0,0,449,0,34.0111111111111,29.3222222222222,37.4888888888889,99241.3333333333,-999,-999,-999,-999,-999,-999,-999,-999,-999,-999,-999,-999,-999,-999,-999,-999,NaN,-42916.6666666667,NaN,148932.292222222,NaN,72814.2366666667,NaN,201.392222222222,0.0156112680802246,3284.45951725404,211.142054943604,755.392418361442,1942.16931216931,3417.06034265558,1.14790013227513,2015-01-08 15:16:30
735972.637146991,33.75,488.875,1023,394.375,159,0,0,0,0,581.625,0.125,34,24.55,37.5875,99243.125,-999,-999,-999,-999,-999,-999,-999,-999,-999,-999,-999,-999,-999,-999,-999,-999,NaN,-105238.28375,NaN,322804.68375,NaN,53499.99625,NaN,197.26875,0.0130621852001571,4657.18236049927,469.457894384664,353.012409680886,1826.52116402116,3186.68115394306,1.21899801587302,2015-01-08 15:17:29
735972.637835648,29.8888888888889,420.555555555556,1023,349.777777777778,159,0,0,0,0,570.444444444444,0,33.9777777777778,21.4888888888889,37.6,99240.6666666667,-999,-999,-999,-999,-999,-999,-999,-999,-999,-999,-999,-999,-999,-999,-999,-999,NaN,-111508.683333333,NaN,335279.512222222,NaN,44406.2477777778,NaN,203.128888888889,0.0114195963473782,4795.29688876652,487.991289826979,163.55931650959,1371.0582010582,2478.78873771731,0.989169973544974,2015-01-08 15:18:29
735972.638524306,26.625,382.625,1023,329.875,159,0,0,0,0,482.375,0,33.9875,25.1875,37.6875,99239.75,-999,-999,-999,-999,-999,-999,-999,-999,-999,-999,-999,-999,-999,-999,-999,-999,NaN,-84849.6125,NaN,251064.45125,NaN,59486.32875,NaN,207.035,0.0133924917468594,4208.09268538913,362.87606033326,477.727670097553,1118.18783068783,2162.87163013354,0.794890873015873,2015-01-08 15:19:28
735972.639221965,20,441,1023,358.222222222222,159,0,0,0,0,466.333333333333,0.222222222222222,34,27.2888888888889,37.7,99239,-999,-999,-999,-999,-999,-999,-999,-999,-999,-999,-999,-999,-999,-999,-999,-999,NaN,-25100.6944444444,NaN,181078.124444444,NaN,53373.2611111111,NaN,203.13,0.0145200544599838,2892.03722161038,258.899939689143,350.372094287368,1507.3544973545,2612.82753842278,0.400545634920635,2015-01-08 15:20:28
735972.639913194,15.875,416.125,1023,345,159,0,0,0,0,529.625,0.125,33.9875,27.1125,37.7375,99239,-999,-999,-999,-999,-999,-999,-999,-999,-999,-999,-999,-999,-999,-999,-999,-999,NaN,-68621.09625,NaN,280765.6225,NaN,38167.9675,NaN,201.17625,0.0144161459711879,3850.63638032305,407.002001872408,33.5951440558862,1341.52116402116,2402.9509952129,0.155009920634921,2015-01-08 15:21:28
735972.640601852,13.7777777777778,354,1023,306.888888888889,159,0,0,0,0,428.666666666667,0,34,25.9333333333333,37.7888888888889,99232.1111111111,-999,-999,-999,-999,-999,-999,-999,-999,-999,-999,-999,-999,-999,-999,-999,-999,NaN,20312.4988888889,NaN,141192.708888889,NaN,29645.8355555556,NaN,197.92,0.0137997393350405,1891.74661955458,199.643639651176,-143.949271453373,927.354497354497,1798.01272360796,0.0301752645502647,2015-01-08 15:22:28
735972.641331018,12.6666666666667,290.555555555556,1023,259,159,0,0,0,0,328.444444444444,0,33.9888888888889,20.3666666666667,37.5888888888889,99238.6666666667,-999,-999,-999,-999,-999,-999,-999,-999,-999,-999,-999,-999,-999,-999,-999,-999,NaN,87885.4177777778,NaN,73168.4022222222,NaN,28590.2811111111,NaN,199.656666666667,0.0108301548108846,403.356335658345,98.5824204167875,-165.939989045966,504.391534391534,1037.87163013354,-0.0359623015873015,2015-01-08 15:23:31
735972.64202257,12.75,245.625,1023,225.25,159,0,0,0,0,249.875,0,34,18.3125,37.425,99237.125,-999,-999,-999,-999,-999,-999,-999,-999,-999,-999,-999,-999,-999,-999,-999,-999,NaN,124521.4875,NaN,24974.6125,NaN,26142.5825,NaN,203.13,0.00974402154313428,-403.605552496329,26.9826733922411,-216.93371011078,204.854497354497,502.157344419249,-0.0310019841269841,2015-01-08 15:24:30
735972.642719908,11.8888888888889,215.666666666667,1023,203.777777777778,159,0,0,0,0,237.222222222222,0,33.9444444444444,17.8,37.4222222222222,99241.3333333333,-999,-999,-999,-999,-999,-999,-999,-999,-999,-999,-999,-999,-999,-999,-999,-999,NaN,133328.122222222,NaN,16151.0411111111,NaN,26300.35,NaN,206.6,0.00944161424858565,-597.584290871268,13.8738167752616,-213.646887194114,5.13227513227491,161.328420256992,-0.0822585978835978,2015-01-08 15:25:31
735972.643408565,12.5,208.25,1023,193.5,158.875,0,0,0,0.125,237,0,33.925,17.4875,37.45,99243.5,-999,-999,-999,-999,-999,-999,-999,-999,-999,-999,-999,-999,-999,-999,-999,-999,NaN,136558.59125,NaN,13310.54375,NaN,26558.595,NaN,203.13,0.00926559449913672,-668.739996328928,9.65379395382181,-208.266783027447,-44.3121693121695,-1.8109095490046,-0.0458829365079364,2015-01-08 15:26:30
735972.644097222,12.4444444444444,202.888888888889,1023,189.777777777778,159,0,0,0,0,239.222222222222,0,33.9222222222222,17.4111111111111,37.5555555555556,99242.6666666667,-999,-999,-999,-999,-999,-999,-999,-999,-999,-999,-999,-999,-999,-999,-999,-999,NaN,136154.51,NaN,12095.4833333333,NaN,26784.7255555556,NaN,204.865555555556,0.00922376809278812,-659.839528267254,7.84862322634199,-203.555729786706,-80.0529100529102,-60.8938019652305,-0.0491898148148147,2015-01-08 15:27:30
735972.64478588,12.5,203,1023,186.25,159,0,0,0,0,241.625,0.125,33.9,17.2,37.6,99245,-999,-999,-999,-999,-999,-999,-999,-999,-999,-999,-999,-999,-999,-999,-999,-999,NaN,134947.2625,NaN,11228.51375,NaN,26869.145,NaN,201.17625,0.00910042151177475,-633.248173641704,6.56059829195879,-201.79699136078,-79.3121693121695,-116.89027462837,-0.0458829365079364,2015-01-08 15:28:29
735972.645480967,12.2222222222222,204.444444444444,1023,185.444444444444,159,0,0,0,0,243.666666666667,0,33.9111111111111,17.2555555555556,37.6555555555556,99240,-999,-999,-999,-999,-999,-999,-999,-999,-999,-999,-999,-999,-999,-999,-999,-999,NaN,132769.094444444,NaN,10696.1777777778,NaN,26949.6544444444,NaN,208.336666666667,0.00913593933954267,-585.270903695546,5.76972624884154,-200.119711268188,-69.6825396825398,-129.676870748299,-0.062417328042328,2015-01-08 15:29:29
735972.646174769,11.875,204.625,1023,186.25,159,0,0,0,0,245,0,33.9125,17.3375,37.6375,99244.625,-999,-999,-999,-999,-999,-999,-999,-999,-999,-999,-999,-999,-999,-999,-999,-999,NaN,130431.64375,NaN,10236.325,NaN,27019.535,NaN,205.0825,0.00917960848992,-533.78520558003,5.08653983110602,-198.66386636078,-68.4788359788361,-116.89027462837,-0.0830853174603174,2015-01-08 15:30:29
735972.646863426,12.6666666666667,203.777777777778,1023,184.777777777778,159,0,0,0,0,246.111111111111,0,33.9,17.4111111111111,37.6777777777778,99243.3333333333,-999,-999,-999,-999,-999,-999,-999,-999,-999,-999,-999,-999,-999,-999,-999,-999,NaN,127743.057777778,NaN,9744.79,NaN,27019.1,NaN,210.072222222222,0.00921227389775689,-474.565250244738,4.35628429701004,-198.67292886078,-74.1269841269843,-140.25888133031,-0.0359623015873015,2015-01-08 15:31:29
735972.647552083,12.375,205.875,1023,188.375,159,0,0,0,0,247,0.125,33.9,17.5125,37.7,99245,-999,-999,-999,-999,-999,-999,-999,-999,-999,-999,-999,-999,-999,-999,-999,-999,NaN,125386.72125,NaN,9337.8875,NaN,27109.37875,NaN,208.9875,0.00926576347238113,-422.663564610867,3.75176416627167,-196.792121569114,-60.1455026455028,-83.1601158982109,-0.0533234126984126,2015-01-08 15:32:28
735972.648240741,12.4444444444444,204.777777777778,1023,188.555555555556,159,0,0,0,0,247.222222222222,0,33.9,17.5,37.7666666666667,99245.6666666667,-999,-999,-999,-999,-999,-999,-999,-999,-999,-999,-999,-999,-999,-999,-999,-999,NaN,123352.434444444,NaN,8946.17888888889,NaN,27112.85,NaN,203.13,0.0092590875971201,-377.855485193344,3.16981703937951,-196.71980386078,-67.4603174603177,-80.2941546989166,-0.0491898148148147,2015-01-08 15:33:28
735972.648939526,11.75,205.125,1023,187.25,159,0,0,0,0,247.75,0,33.8875,18.1375,37.8,99247.625,-999,-999,-999,-999,-999,-999,-999,-999,-999,-999,-999,-999,-999,-999,-999,-999,NaN,118931.64375,NaN,8499.99625,NaN,27039.065,NaN,210.94,0.00958950057725017,-280.48124082232,2.50693984596265,-198.25699136078,-65.1455026455028,-101.017258755354,-0.0905257936507936,2015-01-08 15:34:28
735972.64962963,12.2222222222222,205.111111111111,1023,187.222222222222,159,0,0,0,0,245.222222222222,0,33.8555555555555,16.5555555555556,37.7,99247.6666666667,-999,-999,-999,-999,-999,-999,-999,-999,-999,-999,-999,-999,-999,-999,-999,-999,NaN,125239.585555556,NaN,6628.47,NaN,27454.8633333333,NaN,206.601111111111,0.00873750934550942,-419.422690283896,-0.273518109764582,-189.594526083003,-65.2380952380954,-101.458175862937,-0.062417328042328,2015-01-08 15:35:28
735972.650358796,11.8888888888889,202.333333333333,1023,182.888888888889,159,0,0,0,0,245.666666666667,0,33.8444444444444,15.8,37.5333333333333,99244,-999,-999,-999,-999,-999,-999,-999,-999,-999,-999,-999,-999,-999,-999,-999,-999,NaN,123355.905555556,NaN,6109.37222222222,NaN,27250.0022222222,NaN,204.865555555556,0.00833388678749594,-377.931941385218,-1.04472265259295,-193.862465897817,-83.7566137566139,-170.241244646006,-0.0822585978835978,2015-01-08 15:36:31
735972.651047454,12.375,200.25,1023,183.125,159,0,0,0,0,245.5,0,33.875,16.6875,37.4,99241.625,-999,-999,-999,-999,-999,-999,-999,-999,-999,-999,-999,-999,-999,-999,-999,-999,NaN,115873.05,NaN,5851.56,NaN,26718.7525,NaN,210.94,0.00881724808407167,-213.111334434655,-1.42774482199159,-204.930168444114,-97.6455026455028,-166.493449231544,-0.0533234126984126,2015-01-08 15:37:30
735972.651736111,11.8888888888889,203.333333333333,1023,184.666666666667,159,0,0,0,0,246.111111111111,0.111111111111111,33.8777777777778,18,37.4666666666667,99244,-999,-999,-999,-999,-999,-999,-999,-999,-999,-999,-999,-999,-999,-999,-999,-999,NaN,113447.92,NaN,5614.58111111111,NaN,27026.0433333333,NaN,204.864444444444,0.00951198677732028,-159.694374082232,-1.77981567162595,-198.528276083003,-77.0899470899472,-142.022549760645,-0.0822585978835978,2015-01-08 15:38:30
735972.652436343,12.25,199.75,1023,186.125,159,0,0,0,0,246.125,0,33.825,16.225,37.525,99242.75,-999,-999,-999,-999,-999,-999,-999,-999,-999,-999,-999,-999,-999,-999,-999,-999,NaN,118541.01875,NaN,5328.12375,NaN,27271.48625,NaN,203.13,0.00854887819484938,-271.877165932452,-2.20539487398981,-193.41488198578,-100.978835978836,-118.874401612497,-0.0607638888888888,2015-01-08 15:39:30
735972.653125,12,198.222222222222,1023,183.333333333333,159,0,0,0,0,246.555555555556,0,33.8,15.7333333333333,37.6,99247.3333333333,-999,-999,-999,-999,-999,-999,-999,-999,-999,-999,-999,-999,-999,-999,-999,-999,NaN,115946.183333333,NaN,5123.26222222222,NaN,26927.0866666667,NaN,210.072222222222,0.00827787235521945,-214.722200807636,-2.50975013736491,-200.589873305225,-111.164021164021,-163.186570924666,-0.0756448412698412,2015-01-08 15:40:30
735972.653813657,12.25,199.875,1023,182,159,0,0,0,0,247.25,0,33.8,16.7125,37.6375,99244.625,-999,-999,-999,-999,-999,-999,-999,-999,-999,-999,-999,-999,-999,-999,-999,-999,NaN,109808.5975,NaN,4980.465,NaN,26486.33,NaN,207.035,0.00879328710188234,-79.5330855359767,-2.72189873671452,-209.77230386078,-100.145502645503,-184.350592088687,-0.0607638888888888,2015-01-08 15:41:29
735972.654502315,11.6666666666667,208,1023,191.777777777778,159,0,0,0,0,248.333333333333,0,33.8,18.1888888888889,37.6777777777778,99246.6666666667,-999,-999,-999,-999,-999,-999,-999,-999,-999,-999,-999,-999,-999,-999,-999,-999,NaN,103571.184444444,NaN,5241.31666666667,NaN,26206.6,NaN,211.807777777778,0.00956989270508155,57.8548672295643,-2.3343609761044,-215.600012194114,-45.9788359788361,-29.1477702191987,-0.0954861111111111,2015-01-08 15:42:29
735972.655192419,12.125,226.25,1023,196.625,159,0,0,0,0,248.125,0,33.8,18.4625,37.7,99249.5,-999,-999,-999,-999,-999,-999,-999,-999,-999,-999,-999,-999,-999,-999,-999,-999,NaN,104919.92375,NaN,5101.55875,NaN,26791.01625,NaN,208.9875,0.00971357300831273,28.1469530102788,-2.54199419058467,-203.424673652447,75.6878306878305,47.79226505417,-0.068204365079365,2015-01-08 15:43:28
735972.655891204,11.5555555555556,212.333333333333,1023,190.888888888889,159,0,0,0,0,248.222222222222,0,33.8,16.3444444444444,37.7333333333333,99248.6666666667,-999,-999,-999,-999,-999,-999,-999,-999,-999,-999,-999,-999,-999,-999,-999,-999,NaN,109041.668888889,NaN,5017.35888888889,NaN,26723.9611111111,NaN,203.13,0.00859928435648574,-62.6403848507099,-2.66708683820183,-204.821655712632,-17.0899470899472,-43.2571176618794,-0.102099867724868,2015-01-08 15:44:29
735972.656296296,11,206,1023,186,159,0,0,0,0,249,0,33.8,16.3,37.8,99251,-999,-999,-999,-999,-999,-999,-999,-999,-999,-999,-999,-999,-999,-999,-999,-999,NaN,105984.38,NaN,4953.12,NaN,26031.25,NaN,203.13,0.00857569923597242,4.70078010278978,-2.76252420098431,-219.253137194114,-59.3121693121695,-120.858528596624,-0.135168650793651,2015-01-08 15:45:04
